{
  "About-1" : {
    "transaction" : "About-1",
    "sampleCount" : 46,
    "errorCount" : 5,
    "errorPct" : 10.869565,
    "meanResTime" : 7500.652173913044,
    "medianResTime" : 8033.0,
    "minResTime" : 600.0,
    "maxResTime" : 17794.0,
    "pct1ResTime" : 12173.700000000006,
    "pct2ResTime" : 17125.65,
    "pct3ResTime" : 17794.0,
    "throughput" : 1.135494063340821,
    "receivedKBytesPerSec" : 32.4042727206808,
    "sentKBytesPerSec" : 0.13971899607514007
  },
  "Archives-0" : {
    "transaction" : "Archives-0",
    "sampleCount" : 9,
    "errorCount" : 0,
    "errorPct" : 0.0,
    "meanResTime" : 9133.222222222223,
    "medianResTime" : 8604.0,
    "minResTime" : 7519.0,
    "maxResTime" : 11687.0,
    "pct1ResTime" : 11687.0,
    "pct2ResTime" : 11687.0,
    "pct3ResTime" : 11687.0,
    "throughput" : 0.3784215616196443,
    "receivedKBytesPerSec" : 0.1947540654038599,
    "sentKBytesPerSec" : 0.04730269520245553
  },
  "About-0" : {
    "transaction" : "About-0",
    "sampleCount" : 46,
    "errorCount" : 0,
    "errorPct" : 0.0,
    "meanResTime" : 9153.173913043478,
    "medianResTime" : 8884.5,
    "minResTime" : 1052.0,
    "maxResTime" : 13747.0,
    "pct1ResTime" : 12574.2,
    "pct2ResTime" : 13663.5,
    "pct3ResTime" : 13747.0,
    "throughput" : 1.0370403769416325,
    "receivedKBytesPerSec" : 0.581375790461483,
    "sentKBytesPerSec" : 0.1265918428883829
  },
  "Archives-1" : {
    "transaction" : "Archives-1",
    "sampleCount" : 9,
    "errorCount" : 7,
    "errorPct" : 77.77778,
    "meanResTime" : 3721.5555555555557,
    "medianResTime" : 896.0,
    "minResTime" : 74.0,
    "maxResTime" : 15487.0,
    "pct1ResTime" : 15487.0,
    "pct2ResTime" : 15487.0,
    "pct3ResTime" : 15487.0,
    "throughput" : 0.2885447725305377,
    "receivedKBytesPerSec" : 3.6264404696066173,
    "sentKBytesPerSec" : 0.0323110031739925
  },
  "Total" : {
    "transaction" : "Total",
    "sampleCount" : 710,
    "errorCount" : 544,
    "errorPct" : 76.61972,
    "meanResTime" : 10736.99295774647,
    "medianResTime" : 7830.0,
    "minResTime" : 7.0,
    "maxResTime" : 30705.0,
    "pct1ResTime" : 21052.0,
    "pct2ResTime" : 21058.45,
    "pct3ResTime" : 22015.87,
    "throughput" : 12.00216377036987,
    "receivedKBytesPerSec" : 81.7293139643485,
    "sentKBytesPerSec" : 1.1976080723003584
  },
  "Home page" : {
    "transaction" : "Home page",
    "sampleCount" : 200,
    "errorCount" : 175,
    "errorPct" : 87.5,
    "meanResTime" : 7730.710000000001,
    "medianResTime" : 6428.0,
    "minResTime" : 3094.0,
    "maxResTime" : 22854.0,
    "pct1ResTime" : 14085.800000000001,
    "pct2ResTime" : 15353.249999999998,
    "pct3ResTime" : 21929.870000000006,
    "throughput" : 7.524454477050414,
    "receivedKBytesPerSec" : 48.04408272197141,
    "sentKBytesPerSec" : 0.8817720090293454
  },
  "Archives" : {
    "transaction" : "Archives",
    "sampleCount" : 200,
    "errorCount" : 198,
    "errorPct" : 99.0,
    "meanResTime" : 10977.379999999997,
    "medianResTime" : 6528.5,
    "minResTime" : 7.0,
    "maxResTime" : 27174.0,
    "pct1ResTime" : 21056.0,
    "pct2ResTime" : 21063.95,
    "pct3ResTime" : 21069.97,
    "throughput" : 4.35075811960234,
    "receivedKBytesPerSec" : 9.474158196284453,
    "sentKBytesPerSec" : 0.3509498248819857
  },
  "About" : {
    "transaction" : "About",
    "sampleCount" : 200,
    "errorCount" : 159,
    "errorPct" : 79.5,
    "meanResTime" : 14999.390000000001,
    "medianResTime" : 21035.0,
    "minResTime" : 523.0,
    "maxResTime" : 30705.0,
    "pct1ResTime" : 21055.9,
    "pct2ResTime" : 21063.95,
    "pct3ResTime" : 27831.600000000024,
    "throughput" : 3.917497502595342,
    "receivedKBytesPerSec" : 32.63252465574991,
    "sentKBytesPerSec" : 0.3499733120482636
  }
}