{
  "About-1" : {
    "transaction" : "About-1",
    "sampleCount" : 27,
    "errorCount" : 1,
    "errorPct" : 3.7037036,
    "meanResTime" : 6647.2962962962965,
    "medianResTime" : 7157.0,
    "minResTime" : 704.0,
    "maxResTime" : 14234.0,
    "pct1ResTime" : 12159.6,
    "pct2ResTime" : 13411.599999999995,
    "pct3ResTime" : 14234.0,
    "throughput" : 0.7920908264147623,
    "receivedKBytesPerSec" : 24.365674138967933,
    "sentKBytesPerSec" : 0.09746430090650393
  },
  "Archives-0" : {
    "transaction" : "Archives-0",
    "sampleCount" : 13,
    "errorCount" : 0,
    "errorPct" : 0.0,
    "meanResTime" : 9118.153846153848,
    "medianResTime" : 8505.0,
    "minResTime" : 6892.0,
    "maxResTime" : 11507.0,
    "pct1ResTime" : 11309.8,
    "pct2ResTime" : 11507.0,
    "pct3ResTime" : 11507.0,
    "throughput" : 0.5187135902960658,
    "receivedKBytesPerSec" : 0.2669551387558854,
    "sentKBytesPerSec" : 0.06483919878700822
  },
  "About-0" : {
    "transaction" : "About-0",
    "sampleCount" : 27,
    "errorCount" : 0,
    "errorPct" : 0.0,
    "meanResTime" : 7635.555555555557,
    "medianResTime" : 8789.0,
    "minResTime" : 2699.0,
    "maxResTime" : 12132.0,
    "pct1ResTime" : 11532.8,
    "pct2ResTime" : 12111.2,
    "pct3ResTime" : 12132.0,
    "throughput" : 0.6886174092682803,
    "receivedKBytesPerSec" : 0.38465738095845337,
    "sentKBytesPerSec" : 0.08405974234231936
  },
  "Archives-1" : {
    "transaction" : "Archives-1",
    "sampleCount" : 13,
    "errorCount" : 2,
    "errorPct" : 15.384615,
    "meanResTime" : 11895.538461538461,
    "medianResTime" : 13273.0,
    "minResTime" : 516.0,
    "maxResTime" : 18546.0,
    "pct1ResTime" : 18173.6,
    "pct2ResTime" : 18546.0,
    "pct3ResTime" : 18546.0,
    "throughput" : 0.4759464011129823,
    "receivedKBytesPerSec" : 21.275218866698395,
    "sentKBytesPerSec" : 0.05995809154645969
  },
  "Total" : {
    "transaction" : "Total",
    "sampleCount" : 260,
    "errorCount" : 121,
    "errorPct" : 46.53846,
    "meanResTime" : 7136.3038461538445,
    "medianResTime" : 3877.0,
    "minResTime" : 516.0,
    "maxResTime" : 28349.0,
    "pct1ResTime" : 17653.7,
    "pct2ResTime" : 21311.05,
    "pct3ResTime" : 25715.64999999996,
    "throughput" : 5.447421902826374,
    "receivedKBytesPerSec" : 85.7223775770496,
    "sentKBytesPerSec" : 0.7688468030442708
  },
  "Home page" : {
    "transaction" : "Home page",
    "sampleCount" : 60,
    "errorCount" : 35,
    "errorPct" : 58.333332,
    "meanResTime" : 6402.300000000001,
    "medianResTime" : 2336.0,
    "minResTime" : 1346.0,
    "maxResTime" : 18975.0,
    "pct1ResTime" : 14497.899999999998,
    "pct2ResTime" : 15773.649999999998,
    "pct3ResTime" : 18975.0,
    "throughput" : 2.625360987135731,
    "receivedKBytesPerSec" : 50.52281602782883,
    "sentKBytesPerSec" : 0.3076594906799685
  },
  "Archives" : {
    "transaction" : "Archives",
    "sampleCount" : 60,
    "errorCount" : 49,
    "errorPct" : 81.666664,
    "meanResTime" : 6041.116666666668,
    "medianResTime" : 1718.5,
    "minResTime" : 657.0,
    "maxResTime" : 28349.0,
    "pct1ResTime" : 23204.3,
    "pct2ResTime" : 24558.6,
    "pct3ResTime" : 28349.0,
    "throughput" : 1.5941759438850067,
    "receivedKBytesPerSec" : 16.709112293089248,
    "sentKBytesPerSec" : 0.2427849008289715
  },
  "About" : {
    "transaction" : "About",
    "sampleCount" : 60,
    "errorCount" : 34,
    "errorPct" : 56.666668,
    "meanResTime" : 7500.316666666667,
    "medianResTime" : 2570.0,
    "minResTime" : 1364.0,
    "maxResTime" : 24563.0,
    "pct1ResTime" : 21309.1,
    "pct2ResTime" : 22401.35,
    "pct3ResTime" : 24563.0,
    "throughput" : 1.455498144239866,
    "receivedKBytesPerSec" : 21.213340588081895,
    "sentKBytesPerSec" : 0.2582656375081872
  }
}